,,Mismatch Type,Position,Percent-Active,# guides,# active guides,p(X=1|Y=1),p(X=1),p(Y=1),p(Y=1|X=0)
AA,-1.0,AA,-1,0.0,41.0,0.0,0.0,0.00862431636517,0.45919225915,0.463186929769
AC,-1.0,AC,-1,0.0,65.0,0.0,0.0,0.0136726966765,0.45919225915,0.465557688206
AG,-1.0,AG,-1,0.259259259259,81.0,21.0,0.00961978928081,0.0170382835507,0.45919225915,0.462657821528
AT,-1.0,AT,-1,0.0,40.0,0.0,0.0,0.00841396718553,0.45919225915,0.463088672041
CA,-1.0,CA,-1,0.0,72.0,0.0,0.0,0.015145140934,0.45919225915,0.466253737719
CC,-1.0,CC,-1,0.0,104.0,0.0,0.0,0.0218763146824,0.45919225915,0.469462365591
CG,-1.0,CG,-1,0.107142857143,28.0,3.0,0.00137425561154,0.00588977702987,0.45919225915,0.461278036394
CT,-1.0,CT,-1,0.0,84.0,0.0,0.0,0.0176693310896,0.45919225915,0.467451820128
GA,-1.0,GA,-1,0.0694444444444,72.0,5.0,0.00229042601924,0.015145140934,0.45919225915,0.465185818026
GC,-1.0,GC,-1,0.0222222222222,45.0,1.0,0.000458085203848,0.00946571308372,0.45919225915,0.463368018688
GT,-1.0,GT,-1,0.0161290322581,62.0,1.0,0.000458085203848,0.0130416491376,0.45919225915,0.465046888321
TA,-1.0,TA,-1,0.0,37.0,0.0,0.0,0.00778291964661,0.45919225915,0.462794148823
TC,-1.0,TC,-1,0.0,75.0,0.0,0.0,0.0157761884729,0.45919225915,0.466552682197
TG,-1.0,TG,-1,0.038961038961,77.0,3.0,0.00137425561154,0.0161968868321,0.45919225915,0.466110754757
TT,-1.0,TT,-1,0.0,45.0,0.0,0.0,0.00946571308372,0.45919225915,0.463580378
rA:dA,1.0,"T:A,1",1,1.0,18.0,18.0,0.00824553366926,0.00378628523349,0.45919225915,0.457136824324
rA:dA,2.0,"T:A,2",2,0.727272727273,11.0,8.0,0.00366468163078,0.00231384097602,0.45919225915,0.458570524984
rA:dA,3.0,"T:A,3",3,0.705882352941,17.0,12.0,0.00549702244617,0.00357593605385,0.45919225915,0.458306945324
rA:dA,4.0,"T:A,4",4,0.636363636364,11.0,7.0,0.00320659642694,0.00231384097602,0.45919225915,0.458781362007
rA:dA,5.0,"T:A,5",5,0.363636363636,11.0,4.0,0.00183234081539,0.00231384097602,0.45919225915,0.459413873076
rA:dA,6.0,"T:A,6",6,0.714285714286,14.0,10.0,0.00458085203848,0.00294488851493,0.45919225915,0.458438818565
rA:dA,7.0,"T:A,7",7,0.4375,16.0,7.0,0.00320659642694,0.00336558687421,0.45919225915,0.459265512875
rA:dA,8.0,"T:A,8",8,0.428571428571,14.0,6.0,0.00274851122309,0.00294488851493,0.45919225915,0.459282700422
rA:dA,9.0,"T:A,9",9,0.6,15.0,9.0,0.00412276683463,0.00315523769457,0.45919225915,0.458746571007
rA:dA,10.0,"T:A,10",10,0.882352941176,17.0,15.0,0.00687127805772,0.00357593605385,0.45919225915,0.457673633101
rA:dA,11.0,"T:A,11",11,0.307692307692,13.0,4.0,0.00183234081539,0.0027345393353,0.45919225915,0.459607677705
rA:dA,12.0,"T:A,12",12,0.333333333333,12.0,4.0,0.00183234081539,0.00252419015566,0.45919225915,0.459510754956
rA:dA,13.0,"T:A,13",13,0.3,10.0,3.0,0.00137425561154,0.00210349179638,0.45919225915,0.459527824621
rA:dA,14.0,"T:A,14",14,0.533333333333,15.0,8.0,0.00366468163078,0.00315523769457,0.45919225915,0.458957585989
rA:dA,15.0,"T:A,15",15,0.2,15.0,3.0,0.00137425561154,0.00315523769457,0.45919225915,0.460012660899
rA:dA,16.0,"T:A,16",16,0.0,13.0,0.0,0.0,0.0027345393353,0.45919225915,0.460451381565
rA:dA,17.0,"T:A,17",17,0.133333333333,15.0,2.0,0.000916170407696,0.00315523769457,0.45919225915,0.460223675881
rA:dA,18.0,"T:A,18",18,0.5,16.0,8.0,0.00366468163078,0.00336558687421,0.45919225915,0.459054453356
rA:dA,19.0,"T:A,19",19,0.538461538462,13.0,7.0,0.00320659642694,0.0027345393353,0.45919225915,0.45897489981
rA:dA,20.0,"T:A,20",20,0.6,10.0,6.0,0.00274851122309,0.00210349179638,0.45919225915,0.45889544688
rA:dC,1.0,"G:A,1",1,1.0,23.0,23.0,0.0105359596885,0.00483803113168,0.45919225915,0.456563094483
rA:dC,2.0,"G:A,2",2,0.8,25.0,20.0,0.00916170407696,0.00525872949095,0.45919225915,0.457390568831
rA:dC,3.0,"G:A,3",3,0.611111111111,18.0,11.0,0.00503893724233,0.00378628523349,0.45919225915,0.458614864865
rA:dC,4.0,"G:A,4",4,0.625,16.0,10.0,0.00458085203848,0.00336558687421,0.45919225915,0.458632334318
rA:dC,5.0,"G:A,5",5,0.72,25.0,18.0,0.00824553366926,0.00525872949095,0.45919225915,0.457813491224
rA:dC,6.0,"G:A,6",6,0.714285714286,14.0,10.0,0.00458085203848,0.00294488851493,0.45919225915,0.458438818565
rA:dC,7.0,"G:A,7",7,0.705882352941,17.0,12.0,0.00549702244617,0.00357593605385,0.45919225915,0.458306945324
rA:dC,8.0,"G:A,8",8,0.733333333333,15.0,11.0,0.00503893724233,0.00315523769457,0.45919225915,0.458324541042
rA:dC,9.0,"G:A,9",9,0.666666666667,21.0,14.0,0.00641319285387,0.0044173327724,0.45919225915,0.458271709275
rA:dC,10.0,"G:A,10",10,0.555555555556,18.0,10.0,0.00458085203848,0.00378628523349,0.45919225915,0.458826013514
rA:dC,11.0,"G:A,11",11,0.65,20.0,13.0,0.00595510765002,0.00420698359276,0.45919225915,0.458386142797
rA:dC,12.0,"G:A,12",12,0.722222222222,18.0,13.0,0.00595510765002,0.00378628523349,0.45919225915,0.458192567568
rA:dC,13.0,"G:A,13",13,0.652173913043,23.0,15.0,0.00687127805772,0.00483803113168,0.45919225915,0.458254068907
rA:dC,14.0,"G:A,14",14,0.466666666667,15.0,7.0,0.00320659642694,0.00315523769457,0.45919225915,0.459168600971
rA:dC,15.0,"G:A,15",15,0.65,20.0,13.0,0.00595510765002,0.00420698359276,0.45919225915,0.458386142797
rA:dC,16.0,"G:A,16",16,0.192307692308,26.0,5.0,0.00229042601924,0.00546907867059,0.45919225915,0.460659898477
rA:dC,17.0,"G:A,17",17,0.176470588235,17.0,3.0,0.00137425561154,0.00357593605385,0.45919225915,0.460206881993
rA:dC,18.0,"G:A,18",18,0.4,15.0,6.0,0.00274851122309,0.00315523769457,0.45919225915,0.459379615953
rA:dC,19.0,"G:A,19",19,0.375,16.0,6.0,0.00274851122309,0.00336558687421,0.45919225915,0.459476572393
rA:dC,20.0,"G:A,20",20,0.764705882353,17.0,13.0,0.00595510765002,0.00357593605385,0.45919225915,0.45809584125
rA:dG,1.0,"C:A,1",1,0.857142857143,14.0,12.0,0.00549702244617,0.00294488851493,0.45919225915,0.458016877637
rA:dG,2.0,"C:A,2",2,0.785714285714,14.0,11.0,0.00503893724233,0.00294488851493,0.45919225915,0.458227848101
rA:dG,3.0,"C:A,3",3,0.428571428571,14.0,6.0,0.00274851122309,0.00294488851493,0.45919225915,0.459282700422
rA:dG,4.0,"C:A,4",4,0.352941176471,17.0,6.0,0.00274851122309,0.00357593605385,0.45919225915,0.45957356977
rA:dG,5.0,"C:A,5",5,0.5,14.0,7.0,0.00320659642694,0.00294488851493,0.45919225915,0.459071729958
rA:dG,6.0,"C:A,6",6,0.454545454545,22.0,10.0,0.00458085203848,0.00462768195204,0.45919225915,0.45921386306
rA:dG,7.0,"C:A,7",7,0.4375,16.0,7.0,0.00320659642694,0.00336558687421,0.45919225915,0.459265512875
rA:dG,8.0,"C:A,8",8,0.428571428571,14.0,6.0,0.00274851122309,0.00294488851493,0.45919225915,0.459282700422
rA:dG,9.0,"C:A,9",9,0.571428571429,14.0,8.0,0.00366468163078,0.00294488851493,0.45919225915,0.458860759494
rA:dG,10.0,"C:A,10",10,0.333333333333,15.0,5.0,0.00229042601924,0.00315523769457,0.45919225915,0.459590630935
rA:dG,11.0,"C:A,11",11,0.4,15.0,6.0,0.00274851122309,0.00315523769457,0.45919225915,0.459379615953
rA:dG,12.0,"C:A,12",12,0.263157894737,19.0,5.0,0.00229042601924,0.00399663441313,0.45919225915,0.459978880676
rA:dG,13.0,"C:A,13",13,0.210526315789,19.0,4.0,0.00183234081539,0.00399663441313,0.45919225915,0.460190073918
rA:dG,14.0,"C:A,14",14,0.214285714286,14.0,3.0,0.00137425561154,0.00294488851493,0.45919225915,0.459915611814
rA:dG,15.0,"C:A,15",15,0.272727272727,11.0,3.0,0.00137425561154,0.00231384097602,0.45919225915,0.459624710099
rA:dG,16.0,"C:A,16",16,0.0,15.0,0.0,0.0,0.00315523769457,0.45919225915,0.460645705845
rA:dG,17.0,"C:A,17",17,0.176470588235,17.0,3.0,0.00137425561154,0.00357593605385,0.45919225915,0.460206881993
rA:dG,18.0,"C:A,18",18,0.190476190476,21.0,4.0,0.00183234081539,0.0044173327724,0.45919225915,0.460384534122
rA:dG,19.0,"C:A,19",19,0.206896551724,29.0,6.0,0.00274851122309,0.00610012620951,0.45919225915,0.460740740741
rA:dG,20.0,"C:A,20",20,0.227272727273,22.0,5.0,0.00229042601924,0.00462768195204,0.45919225915,0.460270498732
rC:dA,1.0,"T:C,1",1,1.0,17.0,17.0,0.00778744846541,0.00357593605385,0.45919225915,0.457251424953
rC:dA,2.0,"T:C,2",2,0.909090909091,11.0,10.0,0.00458085203848,0.00231384097602,0.45919225915,0.458148850938
rC:dA,3.0,"T:C,3",3,0.6875,16.0,11.0,0.00503893724233,0.00336558687421,0.45919225915,0.458421274799
rC:dA,4.0,"T:C,4",4,0.8,10.0,8.0,0.00366468163078,0.00210349179638,0.45919225915,0.45847386172
rC:dA,5.0,"T:C,5",5,0.636363636364,11.0,7.0,0.00320659642694,0.00231384097602,0.45919225915,0.458781362007
rC:dA,6.0,"T:C,6",6,0.928571428571,14.0,13.0,0.00595510765002,0.00294488851493,0.45919225915,0.457805907173
rC:dA,7.0,"T:C,7",7,0.8125,16.0,13.0,0.00595510765002,0.00336558687421,0.45919225915,0.457999155762
rC:dA,8.0,"T:C,8",8,0.875,16.0,14.0,0.00641319285387,0.00336558687421,0.45919225915,0.457788096243
rC:dA,9.0,"T:C,9",9,0.875,16.0,14.0,0.00641319285387,0.00336558687421,0.45919225915,0.457788096243
rC:dA,10.0,"T:C,10",10,0.941176470588,17.0,16.0,0.00732936326157,0.00357593605385,0.45919225915,0.457462529027
rC:dA,11.0,"T:C,11",11,0.307692307692,13.0,4.0,0.00183234081539,0.0027345393353,0.45919225915,0.459607677705
rC:dA,12.0,"T:C,12",12,0.538461538462,13.0,7.0,0.00320659642694,0.0027345393353,0.45919225915,0.45897489981
rC:dA,13.0,"T:C,13",13,0.7,10.0,7.0,0.00320659642694,0.00210349179638,0.45919225915,0.4586846543
rC:dA,14.0,"T:C,14",14,0.733333333333,15.0,11.0,0.00503893724233,0.00315523769457,0.45919225915,0.458324541042
rC:dA,15.0,"T:C,15",15,0.0666666666667,15.0,1.0,0.000458085203848,0.00315523769457,0.45919225915,0.460434690863
rC:dA,16.0,"T:C,16",16,0.307692307692,13.0,4.0,0.00183234081539,0.0027345393353,0.45919225915,0.459607677705
rC:dA,17.0,"T:C,17",17,0.466666666667,15.0,7.0,0.00320659642694,0.00315523769457,0.45919225915,0.459168600971
rC:dA,18.0,"T:C,18",18,0.642857142857,14.0,9.0,0.00412276683463,0.00294488851493,0.45919225915,0.45864978903
rC:dA,19.0,"T:C,19",19,0.461538461538,13.0,6.0,0.00274851122309,0.0027345393353,0.45919225915,0.459185825775
rC:dA,20.0,"T:C,20",20,0.3,10.0,3.0,0.00137425561154,0.00210349179638,0.45919225915,0.459527824621
rC:dC,1.0,"G:C,1",1,0.913043478261,23.0,21.0,0.00961978928081,0.00483803113168,0.45919225915,0.456985838089
rC:dC,2.0,"G:C,2",2,0.695652173913,23.0,16.0,0.00732936326157,0.00483803113168,0.45919225915,0.458042697104
rC:dC,3.0,"G:C,3",3,0.5,18.0,9.0,0.00412276683463,0.00378628523349,0.45919225915,0.459037162162
rC:dC,4.0,"G:C,4",4,0.5,16.0,8.0,0.00366468163078,0.00336558687421,0.45919225915,0.459054453356
rC:dC,5.0,"G:C,5",5,0.6,25.0,15.0,0.00687127805772,0.00525872949095,0.45919225915,0.458447874815
rC:dC,6.0,"G:C,6",6,0.5,14.0,7.0,0.00320659642694,0.00294488851493,0.45919225915,0.459071729958
rC:dC,7.0,"G:C,7",7,0.470588235294,17.0,8.0,0.00366468163078,0.00357593605385,0.45919225915,0.459151361621
rC:dC,8.0,"G:C,8",8,0.642857142857,14.0,9.0,0.00412276683463,0.00294488851493,0.45919225915,0.45864978903
rC:dC,9.0,"G:C,9",9,0.619047619048,21.0,13.0,0.00595510765002,0.0044173327724,0.45919225915,0.45848299176
rC:dC,10.0,"G:C,10",10,0.388888888889,18.0,7.0,0.00320659642694,0.00378628523349,0.45919225915,0.459459459459
rC:dC,11.0,"G:C,11",11,0.25,20.0,5.0,0.00229042601924,0.00420698359276,0.45919225915,0.460076045627
rC:dC,12.0,"G:C,12",12,0.444444444444,18.0,8.0,0.00366468163078,0.00378628523349,0.45919225915,0.459248310811
rC:dC,13.0,"G:C,13",13,0.136363636364,22.0,3.0,0.00137425561154,0.00462768195204,0.45919225915,0.460693153001
rC:dC,14.0,"G:C,14",14,0.0,15.0,0.0,0.0,0.00315523769457,0.45919225915,0.460645705845
rC:dC,15.0,"G:C,15",15,0.05,20.0,1.0,0.000458085203848,0.00420698359276,0.45919225915,0.460920997043
rC:dC,16.0,"G:C,16",16,0.153846153846,26.0,4.0,0.00183234081539,0.00546907867059,0.45919225915,0.460871404399
rC:dC,17.0,"G:C,17",17,0.0588235294118,17.0,1.0,0.000458085203848,0.00357593605385,0.45919225915,0.460629090141
rC:dC,18.0,"G:C,18",18,0.133333333333,15.0,2.0,0.000916170407696,0.00315523769457,0.45919225915,0.460223675881
rC:dC,19.0,"G:C,19",19,0.125,16.0,2.0,0.000916170407696,0.00336558687421,0.45919225915,0.460320810469
rC:dC,20.0,"G:C,20",20,0.0588235294118,17.0,1.0,0.000458085203848,0.00357593605385,0.45919225915,0.460629090141
rC:dT,1.0,"A:C,1",1,1.0,10.0,10.0,0.00458085203848,0.00210349179638,0.45919225915,0.45805227656
rC:dT,2.0,"A:C,2",2,0.727272727273,11.0,8.0,0.00366468163078,0.00231384097602,0.45919225915,0.458570524984
rC:dT,3.0,"A:C,3",3,0.866666666667,15.0,13.0,0.00595510765002,0.00315523769457,0.45919225915,0.457902511078
rC:dT,4.0,"A:C,4",4,0.842105263158,19.0,16.0,0.00732936326157,0.00399663441313,0.45919225915,0.457655755016
rC:dT,5.0,"A:C,5",5,0.571428571429,14.0,8.0,0.00366468163078,0.00294488851493,0.45919225915,0.458860759494
rC:dT,6.0,"A:C,6",6,0.928571428571,14.0,13.0,0.00595510765002,0.00294488851493,0.45919225915,0.457805907173
rC:dT,7.0,"A:C,7",7,0.75,16.0,12.0,0.00549702244617,0.00336558687421,0.45919225915,0.458210215281
rC:dT,8.0,"A:C,8",8,0.65,20.0,13.0,0.00595510765002,0.00420698359276,0.45919225915,0.458386142797
rC:dT,9.0,"A:C,9",9,0.857142857143,14.0,12.0,0.00549702244617,0.00294488851493,0.45919225915,0.458016877637
rC:dT,10.0,"A:C,10",10,0.866666666667,15.0,13.0,0.00595510765002,0.00315523769457,0.45919225915,0.457902511078
rC:dT,11.0,"A:C,11",11,0.75,16.0,12.0,0.00549702244617,0.00336558687421,0.45919225915,0.458210215281
rC:dT,12.0,"A:C,12",12,0.714285714286,14.0,10.0,0.00458085203848,0.00294488851493,0.45919225915,0.458438818565
rC:dT,13.0,"A:C,13",13,0.384615384615,13.0,5.0,0.00229042601924,0.0027345393353,0.45919225915,0.45939675174
rC:dT,14.0,"A:C,14",14,0.35,20.0,7.0,0.00320659642694,0.00420698359276,0.45919225915,0.45965356992
rC:dT,15.0,"A:C,15",15,0.222222222222,18.0,4.0,0.00183234081539,0.00378628523349,0.45919225915,0.460092905405
rC:dT,16.0,"A:C,16",16,1.0,10.0,10.0,0.00458085203848,0.00210349179638,0.45919225915,0.45805227656
rC:dT,17.0,"A:C,17",17,0.466666666667,15.0,7.0,0.00320659642694,0.00315523769457,0.45919225915,0.459168600971
rC:dT,18.0,"A:C,18",18,0.538461538462,13.0,7.0,0.00320659642694,0.0027345393353,0.45919225915,0.45897489981
rC:dT,19.0,"A:C,19",19,0.428571428571,7.0,3.0,0.00137425561154,0.00147244425747,0.45919225915,0.459237413103
rC:dT,20.0,"A:C,20",20,0.5,16.0,8.0,0.00366468163078,0.00336558687421,0.45919225915,0.459054453356
rG:dA,1.0,"T:G,1",1,1.0,17.0,17.0,0.00778744846541,0.00357593605385,0.45919225915,0.457251424953
rG:dA,2.0,"T:G,2",2,0.636363636364,11.0,7.0,0.00320659642694,0.00231384097602,0.45919225915,0.458781362007
rG:dA,3.0,"T:G,3",3,0.5,16.0,8.0,0.00366468163078,0.00336558687421,0.45919225915,0.459054453356
rG:dA,4.0,"T:G,4",4,0.363636363636,11.0,4.0,0.00183234081539,0.00231384097602,0.45919225915,0.459413873076
rG:dA,5.0,"T:G,5",5,0.3,10.0,3.0,0.00137425561154,0.00210349179638,0.45919225915,0.459527824621
rG:dA,6.0,"T:G,6",6,0.666666666667,12.0,8.0,0.00366468163078,0.00252419015566,0.45919225915,0.458667229017
rG:dA,7.0,"T:G,7",7,0.571428571429,14.0,8.0,0.00366468163078,0.00294488851493,0.45919225915,0.458860759494
rG:dA,8.0,"T:G,8",8,0.625,16.0,10.0,0.00458085203848,0.00336558687421,0.45919225915,0.458632334318
rG:dA,9.0,"T:G,9",9,0.533333333333,15.0,8.0,0.00366468163078,0.00315523769457,0.45919225915,0.458957585989
rG:dA,10.0,"T:G,10",10,0.8125,16.0,13.0,0.00595510765002,0.00336558687421,0.45919225915,0.457999155762
rG:dA,11.0,"T:G,11",11,0.384615384615,13.0,5.0,0.00229042601924,0.0027345393353,0.45919225915,0.45939675174
rG:dA,12.0,"T:G,12",12,0.384615384615,13.0,5.0,0.00229042601924,0.0027345393353,0.45919225915,0.45939675174
rG:dA,13.0,"T:G,13",13,0.3,10.0,3.0,0.00137425561154,0.00210349179638,0.45919225915,0.459527824621
rG:dA,14.0,"T:G,14",14,0.266666666667,15.0,4.0,0.00183234081539,0.00315523769457,0.45919225915,0.459801645917
rG:dA,15.0,"T:G,15",15,0.142857142857,14.0,2.0,0.000916170407696,0.00294488851493,0.45919225915,0.460126582278
rG:dA,16.0,"T:G,16",16,0.0,13.0,0.0,0.0,0.0027345393353,0.45919225915,0.460451381565
rG:dA,17.0,"T:G,17",17,0.25,16.0,4.0,0.00183234081539,0.00336558687421,0.45919225915,0.459898691431
rG:dA,18.0,"T:G,18",18,0.666666666667,15.0,10.0,0.00458085203848,0.00315523769457,0.45919225915,0.458535556024
rG:dA,19.0,"T:G,19",19,0.666666666667,12.0,8.0,0.00366468163078,0.00252419015566,0.45919225915,0.458667229017
rG:dA,20.0,"T:G,20",20,0.7,10.0,7.0,0.00320659642694,0.00210349179638,0.45919225915,0.4586846543
rG:dG,1.0,"C:G,1",1,0.714285714286,14.0,10.0,0.00458085203848,0.00294488851493,0.45919225915,0.458438818565
rG:dG,2.0,"C:G,2",2,0.692307692308,13.0,9.0,0.00412276683463,0.0027345393353,0.45919225915,0.45855304788
rG:dG,3.0,"C:G,3",3,0.384615384615,13.0,5.0,0.00229042601924,0.0027345393353,0.45919225915,0.45939675174
rG:dG,4.0,"C:G,4",4,0.529411764706,17.0,9.0,0.00412276683463,0.00357593605385,0.45919225915,0.458940257547
rG:dG,5.0,"C:G,5",5,0.785714285714,14.0,11.0,0.00503893724233,0.00294488851493,0.45919225915,0.458227848101
rG:dG,6.0,"C:G,6",6,0.681818181818,22.0,15.0,0.00687127805772,0.00462768195204,0.45919225915,0.458157227388
rG:dG,7.0,"C:G,7",7,0.6875,16.0,11.0,0.00503893724233,0.00336558687421,0.45919225915,0.458421274799
rG:dG,8.0,"C:G,8",8,0.615384615385,13.0,8.0,0.00366468163078,0.0027345393353,0.45919225915,0.458763973845
rG:dG,9.0,"C:G,9",9,0.538461538462,13.0,7.0,0.00320659642694,0.0027345393353,0.45919225915,0.45897489981
rG:dG,10.0,"C:G,10",10,0.4,15.0,6.0,0.00274851122309,0.00315523769457,0.45919225915,0.459379615953
rG:dG,11.0,"C:G,11",11,0.428571428571,14.0,6.0,0.00274851122309,0.00294488851493,0.45919225915,0.459282700422
rG:dG,12.0,"C:G,12",12,0.529411764706,17.0,9.0,0.00412276683463,0.00357593605385,0.45919225915,0.458940257547
rG:dG,13.0,"C:G,13",13,0.421052631579,19.0,8.0,0.00366468163078,0.00399663441313,0.45919225915,0.45934530095
rG:dG,14.0,"C:G,14",14,0.428571428571,14.0,6.0,0.00274851122309,0.00294488851493,0.45919225915,0.459282700422
rG:dG,15.0,"C:G,15",15,0.272727272727,11.0,3.0,0.00137425561154,0.00231384097602,0.45919225915,0.459624710099
rG:dG,16.0,"C:G,16",16,0.0,15.0,0.0,0.0,0.00315523769457,0.45919225915,0.460645705845
rG:dG,17.0,"C:G,17",17,0.235294117647,17.0,4.0,0.00183234081539,0.00357593605385,0.45919225915,0.459995777919
rG:dG,18.0,"C:G,18",18,0.47619047619,21.0,10.0,0.00458085203848,0.0044173327724,0.45919225915,0.459116839214
rG:dG,19.0,"C:G,19",19,0.448275862069,29.0,13.0,0.00595510765002,0.00610012620951,0.45919225915,0.459259259259
rG:dG,20.0,"C:G,20",20,0.428571428571,21.0,9.0,0.00412276683463,0.0044173327724,0.45919225915,0.459328121699
rG:dT,1.0,"A:G,1",1,0.9,10.0,9.0,0.00412276683463,0.00210349179638,0.45919225915,0.45826306914
rG:dT,2.0,"A:G,2",2,0.846153846154,13.0,11.0,0.00503893724233,0.0027345393353,0.45919225915,0.45813119595
rG:dT,3.0,"A:G,3",3,0.75,16.0,12.0,0.00549702244617,0.00336558687421,0.45919225915,0.458210215281
rG:dT,4.0,"A:G,4",4,0.9,20.0,18.0,0.00824553366926,0.00420698359276,0.45919225915,0.457329953528
rG:dT,5.0,"A:G,5",5,0.866666666667,15.0,13.0,0.00595510765002,0.00315523769457,0.45919225915,0.457902511078
rG:dT,6.0,"A:G,6",6,1.0,11.0,11.0,0.00503893724233,0.00231384097602,0.45919225915,0.457938013915
rG:dT,7.0,"A:G,7",7,1.0,15.0,15.0,0.00687127805772,0.00315523769457,0.45919225915,0.457480481114
rG:dT,8.0,"A:G,8",8,1.0,20.0,20.0,0.00916170407696,0.00420698359276,0.45919225915,0.45690747782
rG:dT,9.0,"A:G,9",9,0.642857142857,14.0,9.0,0.00412276683463,0.00294488851493,0.45919225915,0.45864978903
rG:dT,10.0,"A:G,10",10,0.933333333333,15.0,14.0,0.00641319285387,0.00315523769457,0.45919225915,0.457691496096
rG:dT,11.0,"A:G,11",11,1.0,14.0,14.0,0.00641319285387,0.00294488851493,0.45919225915,0.457594936709
rG:dT,12.0,"A:G,12",12,0.933333333333,15.0,14.0,0.00641319285387,0.00315523769457,0.45919225915,0.457691496096
rG:dT,13.0,"A:G,13",13,0.923076923077,13.0,12.0,0.00549702244617,0.0027345393353,0.45919225915,0.457920269985
rG:dT,14.0,"A:G,14",14,0.75,20.0,15.0,0.00687127805772,0.00420698359276,0.45919225915,0.457963667089
rG:dT,15.0,"A:G,15",15,0.941176470588,17.0,16.0,0.00732936326157,0.00357593605385,0.45919225915,0.457462529027
rG:dT,16.0,"A:G,16",16,1.0,10.0,10.0,0.00458085203848,0.00210349179638,0.45919225915,0.45805227656
rG:dT,17.0,"A:G,17",17,0.933333333333,15.0,14.0,0.00641319285387,0.00315523769457,0.45919225915,0.457691496096
rG:dT,18.0,"A:G,18",18,0.692307692308,13.0,9.0,0.00412276683463,0.0027345393353,0.45919225915,0.45855304788
rG:dT,19.0,"A:G,19",19,0.714285714286,7.0,5.0,0.00229042601924,0.00147244425747,0.45919225915,0.458816094375
rG:dT,20.0,"A:G,20",20,0.9375,16.0,15.0,0.00687127805772,0.00336558687421,0.45919225915,0.457577036724
rU:dC,1.0,"G:T,1",1,0.95652173913,23.0,22.0,0.0100778744847,0.00483803113168,0.45919225915,0.456774466286
rU:dC,2.0,"G:T,2",2,0.84,25.0,21.0,0.00961978928081,0.00525872949095,0.45919225915,0.457179107634
rU:dC,3.0,"G:T,3",3,0.5,18.0,9.0,0.00412276683463,0.00378628523349,0.45919225915,0.459037162162
rU:dC,4.0,"G:T,4",4,0.625,16.0,10.0,0.00458085203848,0.00336558687421,0.45919225915,0.458632334318
rU:dC,5.0,"G:T,5",5,0.64,25.0,16.0,0.00732936326157,0.00525872949095,0.45919225915,0.458236413618
rU:dC,6.0,"G:T,6",6,0.571428571429,14.0,8.0,0.00366468163078,0.00294488851493,0.45919225915,0.458860759494
rU:dC,7.0,"G:T,7",7,0.588235294118,17.0,10.0,0.00458085203848,0.00357593605385,0.45919225915,0.458729153473
rU:dC,8.0,"G:T,8",8,0.733333333333,15.0,11.0,0.00503893724233,0.00315523769457,0.45919225915,0.458324541042
rU:dC,9.0,"G:T,9",9,0.619047619048,21.0,13.0,0.00595510765002,0.0044173327724,0.45919225915,0.45848299176
rU:dC,10.0,"G:T,10",10,0.5,18.0,9.0,0.00412276683463,0.00378628523349,0.45919225915,0.459037162162
rU:dC,11.0,"G:T,11",11,0.4,20.0,8.0,0.00366468163078,0.00420698359276,0.45919225915,0.459442332066
rU:dC,12.0,"G:T,12",12,0.5,18.0,9.0,0.00412276683463,0.00378628523349,0.45919225915,0.459037162162
rU:dC,13.0,"G:T,13",13,0.260869565217,23.0,6.0,0.00274851122309,0.00483803113168,0.45919225915,0.460156415134
rU:dC,14.0,"G:T,14",14,0.0,15.0,0.0,0.0,0.00315523769457,0.45919225915,0.460645705845
rU:dC,15.0,"G:T,15",15,0.05,20.0,1.0,0.000458085203848,0.00420698359276,0.45919225915,0.460920997043
rU:dC,16.0,"G:T,16",16,0.346153846154,26.0,9.0,0.00412276683463,0.00546907867059,0.45919225915,0.459813874788
rU:dC,17.0,"G:T,17",17,0.117647058824,17.0,2.0,0.000916170407696,0.00357593605385,0.45919225915,0.460417986067
rU:dC,18.0,"G:T,18",18,0.333333333333,15.0,5.0,0.00229042601924,0.00315523769457,0.45919225915,0.459590630935
rU:dC,19.0,"G:T,19",19,0.25,16.0,4.0,0.00183234081539,0.00336558687421,0.45919225915,0.459898691431
rU:dC,20.0,"G:T,20",20,0.176470588235,17.0,3.0,0.00137425561154,0.00357593605385,0.45919225915,0.460206881993
rU:dG,1.0,"C:T,1",1,0.857142857143,14.0,12.0,0.00549702244617,0.00294488851493,0.45919225915,0.458016877637
rU:dG,2.0,"C:T,2",2,0.857142857143,14.0,12.0,0.00549702244617,0.00294488851493,0.45919225915,0.458016877637
rU:dG,3.0,"C:T,3",3,0.428571428571,14.0,6.0,0.00274851122309,0.00294488851493,0.45919225915,0.459282700422
rU:dG,4.0,"C:T,4",4,0.647058823529,17.0,11.0,0.00503893724233,0.00357593605385,0.45919225915,0.458518049398
rU:dG,5.0,"C:T,5",5,1.0,14.0,14.0,0.00641319285387,0.00294488851493,0.45919225915,0.457594936709
rU:dG,6.0,"C:T,6",6,0.909090909091,22.0,20.0,0.00916170407696,0.00462768195204,0.45919225915,0.457100591716
rU:dG,7.0,"C:T,7",7,0.6875,16.0,11.0,0.00503893724233,0.00336558687421,0.45919225915,0.458421274799
rU:dG,8.0,"C:T,8",8,1.0,14.0,14.0,0.00641319285387,0.00294488851493,0.45919225915,0.457594936709
rU:dG,9.0,"C:T,9",9,0.923076923077,13.0,12.0,0.00549702244617,0.0027345393353,0.45919225915,0.457920269985
rU:dG,10.0,"C:T,10",10,0.533333333333,15.0,8.0,0.00366468163078,0.00315523769457,0.45919225915,0.458957585989
rU:dG,11.0,"C:T,11",11,0.666666666667,15.0,10.0,0.00458085203848,0.00315523769457,0.45919225915,0.458535556024
rU:dG,12.0,"C:T,12",12,0.947368421053,19.0,18.0,0.00824553366926,0.00399663441313,0.45919225915,0.457233368532
rU:dG,13.0,"C:T,13",13,0.789473684211,19.0,15.0,0.00687127805772,0.00399663441313,0.45919225915,0.457866948258
rU:dG,14.0,"C:T,14",14,0.285714285714,14.0,4.0,0.00183234081539,0.00294488851493,0.45919225915,0.45970464135
rU:dG,15.0,"C:T,15",15,0.272727272727,11.0,3.0,0.00137425561154,0.00231384097602,0.45919225915,0.459624710099
rU:dG,16.0,"C:T,16",16,0.666666666667,15.0,10.0,0.00458085203848,0.00315523769457,0.45919225915,0.458535556024
rU:dG,17.0,"C:T,17",17,0.705882352941,17.0,12.0,0.00549702244617,0.00357593605385,0.45919225915,0.458306945324
rU:dG,18.0,"C:T,18",18,0.428571428571,21.0,9.0,0.00412276683463,0.0044173327724,0.45919225915,0.459328121699
rU:dG,19.0,"C:T,19",19,0.275862068966,29.0,8.0,0.00366468163078,0.00610012620951,0.45919225915,0.460317460317
rU:dG,20.0,"C:T,20",20,0.0909090909091,22.0,2.0,0.000916170407696,0.00462768195204,0.45919225915,0.460904480135
rU:dT,1.0,"A:T,1",1,1.0,9.0,9.0,0.00412276683463,0.00189314261674,0.45919225915,0.458166491043
rU:dT,2.0,"A:T,2",2,0.846153846154,13.0,11.0,0.00503893724233,0.0027345393353,0.45919225915,0.45813119595
rU:dT,3.0,"A:T,3",3,0.714285714286,14.0,10.0,0.00458085203848,0.00294488851493,0.45919225915,0.458438818565
rU:dT,4.0,"A:T,4",4,0.47619047619,21.0,10.0,0.00458085203848,0.0044173327724,0.45919225915,0.459116839214
rU:dT,5.0,"A:T,5",5,0.5,14.0,7.0,0.00320659642694,0.00294488851493,0.45919225915,0.459071729958
rU:dT,6.0,"A:T,6",6,0.866666666667,15.0,13.0,0.00595510765002,0.00315523769457,0.45919225915,0.457902511078
rU:dT,7.0,"A:T,7",7,0.875,16.0,14.0,0.00641319285387,0.00336558687421,0.45919225915,0.457788096243
rU:dT,8.0,"A:T,8",8,0.8,20.0,16.0,0.00732936326157,0.00420698359276,0.45919225915,0.457752429235
rU:dT,9.0,"A:T,9",9,0.928571428571,14.0,13.0,0.00595510765002,0.00294488851493,0.45919225915,0.457805907173
rU:dT,10.0,"A:T,10",10,0.857142857143,14.0,12.0,0.00549702244617,0.00294488851493,0.45919225915,0.458016877637
rU:dT,11.0,"A:T,11",11,0.75,16.0,12.0,0.00549702244617,0.00336558687421,0.45919225915,0.458210215281
rU:dT,12.0,"A:T,12",12,0.8,15.0,12.0,0.00549702244617,0.00315523769457,0.45919225915,0.45811352606
rU:dT,13.0,"A:T,13",13,0.692307692308,13.0,9.0,0.00412276683463,0.0027345393353,0.45919225915,0.45855304788
rU:dT,14.0,"A:T,14",14,0.619047619048,21.0,13.0,0.00595510765002,0.0044173327724,0.45919225915,0.45848299176
rU:dT,15.0,"A:T,15",15,0.578947368421,19.0,11.0,0.00503893724233,0.00399663441313,0.45919225915,0.458711721225
rU:dT,16.0,"A:T,16",16,0.909090909091,11.0,10.0,0.00458085203848,0.00231384097602,0.45919225915,0.458148850938
rU:dT,17.0,"A:T,17",17,0.533333333333,15.0,8.0,0.00366468163078,0.00315523769457,0.45919225915,0.458957585989
rU:dT,18.0,"A:T,18",18,0.666666666667,12.0,8.0,0.00366468163078,0.00252419015566,0.45919225915,0.458667229017
rU:dT,19.0,"A:T,19",19,0.285714285714,7.0,2.0,0.000916170407696,0.00147244425747,0.45919225915,0.459448072467
rU:dT,20.0,"A:T,20",20,0.5625,16.0,9.0,0.00412276683463,0.00336558687421,0.45919225915,0.458843393837
